{
  "Version": "2012-10-17",
  "Statement": [
    {
      "Sid": "S3ReadOnlyForConnector",
      "Effect": "Allow",
      "Action": [
        "s3:GetObject",
        "s3:GetObjectVersion",
        "s3:ListBucket"
      ],
      "Resource": [
        "arn:aws:s3:::${BUCKET_NAME}",
        "arn:aws:s3:::${BUCKET_NAME}/*"
      ]
    },
    {
      "Sid": "KMSDecryptIfUsed",
      "Effect": "Allow",
      "Action": [
        "kms:Decrypt",
        "kms:DescribeKey"
      ],
      "Resource": "*"
    }
  ]
}

