{
  "Version": "2012-10-17",
  "Statement": [
    {
      "Effect": "Allow",
      "Action": [
        "qbusiness:CreateApplication", "qbusiness:UpdateApplication", "qbusiness:DeleteApplication",
        "qbusiness:CreateIndex", "qbusiness:DeleteIndex", "qbusiness:ListIndices", "qbusiness:DescribeIndex", "qbusiness:UpdateIndex",
        "qbusiness:CreateRetriever", "qbusiness:UpdateRetriever", "qbusiness:DeleteRetriever",
        "qbusiness:CreateDataSource", "qbusiness:UpdateDataSource", "qbusiness:DeleteDataSource",
        "qbusiness:ListDataSources", "qbusiness:ListDataSourceSyncJobs",
        "qbusiness:StartDataSourceSyncJob", "qbusiness:StopDataSourceSyncJob",
        "qbusiness:CreateWebExperience", "qbusiness:UpdateWebExperience", "qbusiness:GetWebExperience", "qbusiness:ListWebExperiences",
        "qbusiness:UpdateChatControlsConfiguration", "qbusiness:GetChatControlsConfiguration",
        "qapps:*"
      ],
      "Resource": "*"
    },
    {
      "Effect": "Allow",
      "Action": [
        "iam:PassRole", "secretsmanager:GetSecretValue", "kms:Encrypt", "kms:Decrypt", "kms:DescribeKey",
        "cloudwatch:*", "logs:*", "s3:*", "sts:AssumeRole"
      ],
      "Resource": "*"
    }
  ]
}

