{
  "responseScope": "CONTENT_ONLY",
  "blockedPhrasesToCreateOrUpdate": [
    "password",
    "api key",
    "secret token"
  ],
  "systemMessageOverride": "Cannot provide credentials. Contact VaultMesh Security.",
  "topicConfigurationsToCreateOrUpdate": [
    {
      "name": "competitor-pricing",
      "description": "Block discussions revealing non-public pricing models.",
      "exampleChatMessages": [
        "What price do we charge X?",
        "Share our discount structure for partner Y"
      ],
      "rules": [
        {
          "ruleType": "DENY",
          "message": "[REDACTED - Confidential Topic]",
          "includedUsersAndGroups": {
            "groupIds": [
              "VaultMesh-Engineering",
              "VaultMesh-Sales",
              "VaultMesh-Management"
            ]
          }
        }
      ]
    }
  ]
}

